Constituency,Const. No.,Parliament Constituency,Leading Candidate,Leading Candidate,Margin,Status,State ID,Country
Surat,24,SURAT(24),MUKESHKUMAR CHANDRAKAANT DALAL,MUKESHKUMAR CHANDRAKAANT DALAL,0,Uncontested,S06,India
INDORE,26,INDORE(26),SHANKAR LALWANI,SHANKAR LALWANI,1175092,Result Declared,S12,India
Dhubri,2,DHUBRI(2),RAKIBUL HUSSAIN,RAKIBUL HUSSAIN,1012476,Result Declared,S03,India
VIDISHA,18,VIDISHA(18),SHIVRAJ SINGH CHOUHAN,SHIVRAJ SINGH CHOUHAN,821408,Result Declared,S12,India
Navsari,25,NAVSARI(25),C R PATIL,C R PATIL,773551,Result Declared,S06,India
Gandhinagar,6,GANDHINAGAR(6),AMIT SHAH,AMIT SHAH,744716,Result Declared,S06,India
Diamond harbour,21,DIAMONDHARBOUR(21),ABHISHEK BANERJEE,ABHISHEK BANERJEE,710930,Result Declared,S25,India
Tripura West,1,TRIPURAWEST(1),BIPLAB KUMAR DEB,BIPLAB KUMAR DEB,611578,Result Declared,S23,India
Vadodara,20,VADODARA(20),DR. HEMANG JOSHI,DR. HEMANG JOSHI,582126,Result Declared,S06,India
RAIPUR,8,RAIPUR(8),BRIJMOHAN AGRAWAL,BRIJMOHAN AGRAWAL,575285,Result Declared,S26,India
TIRUVALLUR,1,TIRUVALLUR(1),Sasikanth Senthil,Sasikanth Senthil,572155,Result Declared,S22,India
Nalgonda,13,NALGONDA(13),KUNDURU RAGHUVEER,KUNDURU RAGHUVEER,559905,Result Declared,S29,India
Gautam Buddha Nagar,13,GAUTAMBUDDHANAGAR(13),DR. MAHESH SHARMA,DR. MAHESH SHARMA,559472,Result Declared,S24,India
KHAJURAHO,8,KHAJURAHO(8),VISHNU DATT SHARMA (V.D.SHARMA),VISHNU DATT SHARMA (V.D.SHARMA),541229,Result Declared,S12,India
GUNA,4,GUNA(4),JYOTIRADITYA M. SCINDIA,JYOTIRADITYA M. SCINDIA,540929,Result Declared,S12,India
Panchmahal,18,PANCHMAHAL(18),RAJPALSINH MAHENDRASINH JADAV,RAJPALSINH MAHENDRASINH JADAV,509342,Result Declared,S06,India
Visakhapatnam,4,VISAKHAPATNAM(4),SRIBHARAT MATHUKUMILI,SRIBHARAT MATHUKUMILI,504247,Result Declared,S01,India
BHOPAL,19,BHOPAL(19),ALOK SHARMA,ALOK SHARMA,501499,Result Declared,S12,India
MANDSOUR,23,MANDSOUR(23),SUDHEER GUPTA,SUDHEER GUPTA,500655,Result Declared,S12,India
SRIPERUMBUDUR,5,SRIPERUMBUDUR(5),T R BAALU,T R BAALU,487029,Result Declared,S22,India
Tripura East,2,TRIPURAEAST(2),KRITI DEVI DEBBARMAN,KRITI DEVI DEBBARMAN,486819,Result Declared,S23,India
JABALPUR,13,JABALPUR(13),ASHISH DUBEY,ASHISH DUBEY,486674,Result Declared,S12,India
Rajkot,10,RAJKOT(10),PARSHOTTAMBHAI RUPALA,PARSHOTTAMBHAI RUPALA,484260,Result Declared,S06,India
SAGAR,5,SAGAR(5),DR. LATA WANKHEDE,DR. LATA WANKHEDE,471222,Result Declared,S12,India
Joynagar,19,JOYNAGAR(19),PRATIMA MONDAL,PRATIMA MONDAL,470219,Result Declared,S25,India
Khammam,17,KHAMMAM(17),RAMASAHAYAM RAGHURAM REDDY,RAMASAHAYAM RAGHURAM REDDY,467847,Result Declared,S29,India
Ahmedabad East,7,AHMEDABADEAST(7),HASMUKHBHAI PATEL (H.S.PATEL),HASMUKHBHAI PATEL (H.S.PATEL),461755,Result Declared,S06,India
Bhavnagar,15,BHAVNAGAR(15),NIMUBEN JAYANTIBHAI BAMBHANIYA (NIMUBEN BAMBHANIYA),NIMUBEN JAYANTIBHAI BAMBHANIYA (NIMUBEN BAMBHANIYA),455289,Result Declared,S06,India
DINDIGUL,22,DINDIGUL(22),SACHITHANANTHAM R,SACHITHANANTHAM R,443821,Result Declared,S22,India
DURG,7,DURG(7),VIJAY BAGHEL,VIJAY BAGHEL,438226,Result Declared,S26,India
HOSHANGABAD,17,HOSHANGABAD(17),DARSHAN SINGH CHOUDHARY,DARSHAN SINGH CHOUDHARY,431696,Result Declared,S12,India
DEWAS,21,DEWAS(21),MAHENDRA SINGH SOLANKY,MAHENDRA SINGH SOLANKY,425225,Result Declared,S12,India
DAMOH,7,DAMOH(7),RAHUL SINGH LODHI,RAHUL SINGH LODHI,406426,Result Declared,S12,India
TIKAMGARH,6,TIKAMGARH(6),DR. VIRENDRA KUMAR,DR. VIRENDRA KUMAR,403312,Result Declared,S12,India
Chhota Udaipur,21,CHHOTAUDAIPUR(21),JASHUBHAI BHILUBHAI RATHVA,JASHUBHAI BHILUBHAI RATHVA,398777,Result Declared,S06,India
SHAHDOL,12,SHAHDOL(12),SMT. HIMADRI SINGH,SMT. HIMADRI SINGH,397340,Result Declared,S12,India
THOOTHUKKUDI,36,THOOTHUKKUDI(36),KANIMOZHI KARUNANIDHI,KANIMOZHI KARUNANIDHI,392738,Result Declared,S22,India
RAJSAMAND,22,RAJSAMAND(22),MAHIMA KUMARI MEWAR,MAHIMA KUMARI MEWAR,392223,Result Declared,S20,India
Malkajgiri,7,MALKAJGIRI(7),EATALA RAJENDER,EATALA RAJENDER,391475,Result Declared,S29,India
Rae Bareli,36,RAEBARELI(36),RAHUL GANDHI,RAHUL GANDHI,390030,Result Declared,S24,India
CHITTORGARH,21,CHITTORGARH(21),CHANDRA PRAKASH JOSHI,CHANDRA PRAKASH JOSHI,389877,Result Declared,S20,India
PERAMBALUR,25,PERAMBALUR(25),ARUN NEHRU,ARUN NEHRU,389107,Result Declared,S22,India
Porbandar,11,PORBANDAR(11),DR. MANSUKH MANDAVIYA,DR. MANSUKH MANDAVIYA,383360,Result Declared,S06,India
BETUL,29,BETUL(29),DURGADAS (D. D.) UIKEY,DURGADAS (D. D.) UIKEY,379761,Result Declared,S12,India
Kodarma,5,KODARMA(5),ANNPURNA DEVI,ANNPURNA DEVI,377014,Result Declared,S27,India
UJJAIN,22,UJJAIN(22),ANIL FIROJIYA,ANIL FIROJIYA,375860,Result Declared,S12,India
Shillong,1,SHILLONG(1),DR. RICKY ANDREW J. SYNGKON,DR. RICKY ANDREW J. SYNGKON,371910,Result Declared,S15,India
JHALAWAR-BARAN,25,JHALAWAR-BARAN(25),DUSHYANT SINGH,DUSHYANT SINGH,370989,Result Declared,S20,India
Wayanad,4,WAYANAD(4),RAHUL GANDHI,RAHUL GANDHI,364422,Result Declared,S11,India
Sonitpur,11,SONITPUR(11),RANJIT DUTTA,RANJIT DUTTA,361408,Result Declared,S03,India
Kheda,17,KHEDA(17),DEVUSINH CHAUHAN,DEVUSINH CHAUHAN,357758,Result Declared,S06,India
Mumbai North,26,MUMBAINORTH(26),PIYUSH GOYAL,PIYUSH GOYAL,357608,Result Declared,S13,India
BHILWARA,23,BHILWARA(23),DAMODAR AGARWAL,DAMODAR AGARWAL,354606,Result Declared,S20,India
Mahabubabad,16,MAHABUBABAD(16),BALRAM NAIK PORIKA,BALRAM NAIK PORIKA,349165,Result Declared,S29,India
ROHTAK,7,ROHTAK(7),DEEPENDER SINGH HOODA,DEEPENDER SINGH HOODA,345298,Result Declared,S07,India
Guntur,13,GUNTUR(13),DR CHANDRA SEKHAR PEMMASANI,DR CHANDRA SEKHAR PEMMASANI,344695,Result Declared,S01,India
Amalapuram (SC),7,AMALAPURAM(SC)(7),G M HARISH (BALAYOGI),G M HARISH (BALAYOGI),342196,Result Declared,S01,India
CHENNAI NORTH,2,CHENNAINORTH(2),DR.KALANIDHI VEERASWAMY,DR.KALANIDHI VEERASWAMY,339222,Result Declared,S22,India
Hyderabad,9,HYDERABAD(9),ASADUDDIN OWAISI,ASADUDDIN OWAISI,338087,Result Declared,S29,India
Uttara Kannada,12,UTTARAKANNADA(12),VISHWESHWAR HEGDE KAGERI,VISHWESHWAR HEGDE KAGERI,337428,Result Declared,S10,India
Ghaziabad,12,GHAZIABAD(12),ATUL GARG,ATUL GARG,336965,Result Declared,S24,India
Nainital-Udhamsingh Nagar,4,NAINITAL-UDHAMSINGHNAGAR(4),AJAY BHATT,AJAY BHATT,334548,Result Declared,S28,India
Dahod,19,DAHOD(19),JASWANTSINH SUMANBHAI BHABHOR,JASWANTSINH SUMANBHAI BHABHOR,333677,Result Declared,S06,India
Basirhat,18,BASIRHAT(18),SK NURUL ISLAM,SK NURUL ISLAM,333547,Result Declared,S25,India
JAIPUR,7,JAIPUR(7),MANJU SHARMA,MANJU SHARMA,331767,Result Declared,S20,India
Dhanbad,7,DHANBAD(7),DULU MAHATO,DULU MAHATO,331583,Result Declared,S27,India
AJMER,13,AJMER(13),BHAGIRATH CHOUDHARY,BHAGIRATH CHOUDHARY,329991,Result Declared,S20,India
Osmanabad,40,OSMANABAD(40),OMPRAKASH BHUPALSINH ALIAS PAVAN RAJENIMBALKAR,OMPRAKASH BHUPALSINH ALIAS PAVAN RAJENIMBALKAR,329846,Result Declared,S13,India
Darrang-Udalguri,4,DARRANG-UDALGURI(4),DILIP SAIKIA,DILIP SAIKIA,329012,Result Declared,S03,India
Mahesana,4,MAHESANA(4),HARIBHAI PATEL,HARIBHAI PATEL,328046,Result Declared,S06,India
Srikakulam,2,SRIKAKULAM(2),KINJARAPU RAMMOHAN NAIDU,KINJARAPU RAMMOHAN NAIDU,327901,Result Declared,S01,India
Bolpur,41,BOLPUR(41),ASIT KUMAR MAL,ASIT KUMAR MAL,327253,Result Declared,S25,India
Amreli,14,AMRELI(14),BHARATBHAI MANUBHAI SUTARIYA,BHARATBHAI MANUBHAI SUTARIYA,321068,Result Declared,S06,India
THANJAVUR,30,THANJAVUR(30),MURASOLI S,MURASOLI S,319583,Result Declared,S22,India
TIRUCHIRAPPALLI,24,TIRUCHIRAPPALLI(24),DURAI VAIKO,DURAI VAIKO,313094,Result Declared,S22,India
ARAKKONAM,7,ARAKKONAM(7),S JAGATHRATCHAKAN,S JAGATHRATCHAKAN,306559,Result Declared,S22,India
Malappuram,6,MALAPPURAM(6),E.T.  MOHAMMED BASHEER,E.T.  MOHAMMED BASHEER,300118,Result Declared,S11,India
Anakapalle,5,ANAKAPALLE(5),C.M.RAMESH,C.M.RAMESH,296530,Result Declared,S01,India
Mathura,17,MATHURA(17),HEMAMALINI DHARMENDRA DEOL,HEMAMALINI DHARMENDRA DEOL,293407,Result Declared,S24,India
North-West Delhi,5,NORTH-WESTDELHI(5),YOGENDER CHANDOLIYA,YOGENDER CHANDOLIYA,290849,Result Declared,U05,India
Palamau,13,PALAMAU(13),VISHNU DAYAL RAM,VISHNU DAYAL RAM,288807,Result Declared,S27,India
Ahmedabad West,8,AHMEDABADWEST(8),DINESHBHAI MAKWANA (ADVOCATE),DINESHBHAI MAKWANA (ADVOCATE),286437,Result Declared,S06,India
Mandya,20,MANDYA(20),H.D. KUMARASWAMY,H.D. KUMARASWAMY,284620,Result Declared,S10,India
Vijayawada,12,VIJAYAWADA(12),KESINENI SIVANATH (CHINNI),KESINENI SIVANATH (CHINNI),282085,Result Declared,S01,India
ANANTNAG-RAJOURI,3,ANANTNAG-RAJOURI(3),MIAN ALTAF AHMAD,MIAN ALTAF AHMAD,281794,Result Declared,U08,India
Dibrugarh,13,DIBRUGARH(13),SARBANANDA SONOWAL,SARBANANDA SONOWAL,279321,Result Declared,S03,India
THENI,33,THENI(33),THANGA TAMILSELVAN,THANGA TAMILSELVAN,278825,Result Declared,S22,India
Bangalore South,26,BANGALORESOUTH(26),TEJASVI SURYA,TEJASVI SURYA,277083,Result Declared,S10,India
Narsapuram,9,NARSAPURAM(9),BHUPATHI RAJU SRINIVASA VARMA (B.J.P.VARMA),BHUPATHI RAJU SRINIVASA VARMA (B.J.P.VARMA),276802,Result Declared,S01,India
Hazaribagh,14,HAZARIBAGH(14),MANISH JAISWAL,MANISH JAISWAL,276686,Result Declared,S27,India
Bulandshahr,14,BULANDSHAHR(14),DR BHOLA SINGH,DR BHOLA SINGH,275134,Result Declared,S24,India
Tehri Garhwal,1,TEHRIGARHWAL(1),MALA RAJYA LAKSHMI SHAH,MALA RAJYA LAKSHMI SHAH,272493,Result Declared,S28,India
Raver,4,RAVER(4),KHADSE RAKSHA NIKHIL,KHADSE RAKSHA NIKHIL,272183,Result Declared,S13,India
Agra,18,AGRA(18),PROF S P SINGH BAGHEL,PROF S P SINGH BAGHEL,271294,Result Declared,S24,India
MAYILADUTHURAI,28,MAYILADUTHURAI(28),SUDHA R,SUDHA R,271183,Result Declared,S22,India
KHANDWA,28,KHANDWA(28),GYANESHWAR PATIL,GYANESHWAR PATIL,269971,Result Declared,S12,India
Bangalore Rural,23,BANGALORERURAL(23),DR C N MANJUNATH,DR C N MANJUNATH,269647,Result Declared,S10,India
Kachchh,1,KACHCHH(1),CHAVDA VINOD LAKHAMSHI,CHAVDA VINOD LAKHAMSHI,268782,Result Declared,S06,India
SIRSA,3,SIRSA(3),SELJA,SELJA,268497,Result Declared,S07,India
Silchar,8,SILCHAR(8),PARIMAL SUKLABAIDYA,PARIMAL SUKLABAIDYA,264311,Result Declared,S03,India
Surendranagar,9,SURENDRANAGAR(9),CHANDUBHAI CHHAGANBHAI SHIHORA,CHANDUBHAI CHHAGANBHAI SHIHORA,261617,Result Declared,S06,India
UDAIPUR,19,UDAIPUR(19),MANNA LAL RAWAT,MANNA LAL RAWAT,261608,Result Declared,S20,India
Chandrapur,13,CHANDRAPUR(13),DHANORKAR PRATIBHA SURESH ALIAS BALUBHAU,DHANORKAR PRATIBHA SURESH ALIAS BALUBHAU,260406,Result Declared,S13,India
Jamshedpur,9,JAMSHEDPUR(9),BIDYUT BARAN MAHATO,BIDYUT BARAN MAHATO,259782,Result Declared,S27,India
Bangalore North,24,BANGALORENORTH(24),SHOBHA KARANDLAJE,SHOBHA KARANDLAJE,259476,Result Declared,S10,India
Udupi Chikmagalur,15,UDUPICHIKMAGALUR(15),KOTA SRINIVAS POOJARY,KOTA SRINIVAS POOJARY,259175,Result Declared,S10,India
Jadavpur,22,JADAVPUR(22),SAYANI GHOSH,SAYANI GHOSH,258201,Result Declared,S25,India
POLLACHI,21,POLLACHI(21),ESWARASAMY K,ESWARASAMY K,252042,Result Declared,S22,India
KANGRA,1,KANGRA(1),DR RAJEEV BHARDWAJ,DR RAJEEV BHARDWAJ,251895,Result Declared,S08,India
Bargarh,1,BARGARH(1),PRADEEP PUROHIT,PRADEEP PUROHIT,251667,Result Declared,S18,India
Jalgaon,3,JALGAON(3),SMITA UDAY WAGH,SMITA UDAY WAGH,251594,Result Declared,S13,India
Guwahati,5,GUWAHATI(5),BIJULI KALITA MEDHI,BIJULI KALITA MEDHI,251090,Result Declared,S03,India
Ernakulam,12,ERNAKULAM(12),HIBI EDEN,HIBI EDEN,250385,Result Declared,S11,India
Vizianagaram,3,VIZIANAGARAM(3),APPALANAIDU KALISETTI,APPALANAIDU KALISETTI,249351,Result Declared,S01,India
Kaziranga,10,KAZIRANGA(10),KAMAKHYA PRASAD TASA,KAMAKHYA PRASAD TASA,248947,Result Declared,S03,India
Hathras,16,HATHRAS(16),ANOOP PRADHAN BALMIKI,ANOOP PRADHAN BALMIKI,247318,Result Declared,S24,India
BANSWARA,20,BANSWARA(20),RAJ KUMAR ROAT,RAJ KUMAR ROAT,247054,Result Declared,S20,India
Nellore,22,NELLORE(22),PRABHAKAR REDDY VEMIREDDY,PRABHAKAR REDDY VEMIREDDY,245902,Result Declared,S01,India
PALI,15,PALI(15),P. P. CHAUDHARY,P. P. CHAUDHARY,245351,Result Declared,S20,India
CHENNAI CENTRAL,4,CHENNAICENTRAL(4),DAYANIDHI MARAN,DAYANIDHI MARAN,244689,Result Declared,S22,India
Shimoga,14,SHIMOGA(14),B.Y.RAGHAVENDRA,B.Y.RAGHAVENDRA,243715,Result Declared,S10,India
NILGIRIS,19,NILGIRIS(19),RAJA A,RAJA A,240585,Result Declared,S22,India
RAIGARH,2,RAIGARH(2),RADHESHYAM RATHIYA,RADHESHYAM RATHIYA,240391,Result Declared,S26,India
Rajahmundry,8,RAJAHMUNDRY(8),DAGGUBATI PURANDHESHWARI,DAGGUBATI PURANDHESHWARI,239139,Result Declared,S01,India
Jamnagar,12,JAMNAGAR(12),POONAMBEN HEMATBHAI MAADAM,POONAMBEN HEMATBHAI MAADAM,238008,Result Declared,S06,India
DAUSA,11,DAUSA(11),MURARI LAL MEENA,MURARI LAL MEENA,237340,Result Declared,S20,India
ERODE,17,ERODE(17),K E PRAKASH,K E PRAKASH,236566,Result Declared,S22,India
Ponnani,7,PONNANI(7),DR. M.P ABDUSSAMAD SAMADANI,DR. M.P ABDUSSAMAD SAMADANI,235760,Result Declared,S11,India
Muzaffarpur,15,MUZAFFARPUR(15),RAJ BHUSHAN CHOUDHARY,RAJ BHUSHAN CHOUDHARY,234927,Result Declared,S04,India
Almora,3,ALMORA(3),AJAY TAMTA,AJAY TAMTA,234097,Result Declared,S28,India
TIRUVANNAMALAI,11,TIRUVANNAMALAI(11),"ANNADURAI, C.N.","ANNADURAI, C.N.",233931,Result Declared,S22,India
KARNAL,5,KARNAL(5),MANOHAR LAL,MANOHAR LAL,232577,Result Declared,S07,India
Bardoli,23,BARDOLI(23),PARBHUBHAI NAGARBHAI VASAVA,PARBHUBHAI NAGARBHAI VASAVA,230253,Result Declared,S06,India
Kakinada,6,KAKINADA(6),TANGELLA UDAY SRINIVAS (TEA TIME UDAY),TANGELLA UDAY SRINIVAS (TEA TIME UDAY),229491,Result Declared,S01,India
CHENNAI SOUTH,3,CHENNAISOUTH(3),T.SUMATHY (ALIAS) THAMIZHACHI THANGAPANDIAN,T.SUMATHY (ALIAS) THAMIZHACHI THANGAPANDIAN,225945,Result Declared,S22,India
Karimnagar,3,KARIMNAGAR(3),BANDI SANJAY KUMAR,BANDI SANJAY KUMAR,225209,Result Declared,S29,India
Machilipatnam,11,MACHILIPATNAM(11),BALASHOWRY VALLABHANENI,BALASHOWRY VALLABHANENI,223179,Result Declared,S01,India
Barpeta,3,BARPETA(3),PHANI BHUSAN CHOUDHURY,PHANI BHUSAN CHOUDHURY,222351,Result Declared,S03,India
Bhongir,14,BHONGIR(14),CHAMALA KIRAN KUMAR REDDY,CHAMALA KIRAN KUMAR REDDY,222170,Result Declared,S29,India
Mainpuri,21,MAINPURI(21),DIMPLE YADAV,DIMPLE YADAV,221639,Result Declared,S24,India
KANCHEEPURAM,6,KANCHEEPURAM(6),SELVAM. G,SELVAM. G,221473,Result Declared,S22,India
Chatra,4,CHATRA(4),KALI CHARAN SINGH,KALI CHARAN SINGH,220959,Result Declared,S27,India
Chittoor(SC),25,CHITTOOR(SC)(25),DAGGUMALLA PRASADA RAO,DAGGUMALLA PRASADA RAO,220479,Result Declared,S01,India
Warangal,15,WARANGAL(15),KADIYAM KAVYA,KADIYAM KAVYA,220339,Result Declared,S29,India
Mayurbhanj,5,MAYURBHANJ(5),NABA CHARAN MAJHI,NABA CHARAN MAJHI,219334,Result Declared,S18,India
Uluberia,26,ULUBERIA(26),SAJDA AHMED,SAJDA AHMED,218673,Result Declared,S25,India
DHAR,25,DHAR(25),SAVITRI THAKUR,SAVITRI THAKUR,218665,Result Declared,S12,India
Thane,25,THANE(25),NARESH GANPAT MHASKE,NARESH GANPAT MHASKE,217011,Result Declared,S13,India
Barabanki,53,BARABANKI(53),TANUJ PUNIA,TANUJ PUNIA,215704,Result Declared,S24,India
VELLORE,8,VELLORE(8),DM KATHIR ANAND,DM KATHIR ANAND,215702,Result Declared,S22,India
Nagaon,9,NAGAON(9),PRADYUT BORDOLOI,PRADYUT BORDOLOI,212231,Result Declared,S03,India
Valsad,26,VALSAD(26),DHAVAL LAXMANBHAI PATEL,DHAVAL LAXMANBHAI PATEL,210704,Result Declared,S06,India
MADURAI,32,MADURAI(32),VENKATESAN S,VENKATESAN S,209409,Result Declared,S22,India
Kalyan,24,KALYAN(24),DR SHRIKANT EKNATH SHINDE,DR SHRIKANT EKNATH SHINDE,209144,Result Declared,S13,India
NAGAPATTINAM,29,NAGAPATTINAM(29),SELVARAJ V,SELVARAJ V,208957,Result Declared,S22,India
ARANI,12,ARANI(12),THARANIVENTHAN M S,THARANIVENTHAN M S,208766,Result Declared,S22,India
Bapatla (SC),15,BAPATLA(SC)(15),KRISHNA PRASAD TENNETI,KRISHNA PRASAD TENNETI,208031,Result Declared,S01,India
RATLAM,24,RATLAM(24),ANITA NAGARSINGH CHOUHAN,ANITA NAGARSINGH CHOUHAN,207232,Result Declared,S12,India
SIDHI,11,SIDHI(11),DR. RAJESH MISHRA,DR. RAJESH MISHRA,206416,Result Declared,S12,India
SIVAGANGA,31,SIVAGANGA(31),KARTI P CHIDAMBARAM,KARTI P CHIDAMBARAM,205664,Result Declared,S22,India
BARAMULLA,1,BARAMULLA(1),ABDUL RASHID SHEIKH,ABDUL RASHID SHEIKH,204142,Result Declared,U08,India
JALORE,18,JALORE(18),LUMBARAM,LUMBARAM,201543,Result Declared,S20,India
Lakhimpur,12,LAKHIMPUR(12),PRADAN BARUAH,PRADAN BARUAH,201257,Result Declared,S03,India
Mathurapur,20,MATHURAPUR(20),BAPI HALDAR,BAPI HALDAR,201057,Result Declared,S25,India
West Delhi,6,WESTDELHI(6),KAMALJEET SEHRAWAT,KAMALJEET SEHRAWAT,199013,Result Declared,U05,India
Birbhum,42,BIRBHUM(42),SATABDI ROY,SATABDI ROY,197650,Result Declared,S25,India
Khadoor Sahib,3,KHADOORSAHIB(3),AMRITPAL SINGH,AMRITPAL SINGH,197120,Result Declared,S19,India
TENKASI,37,TENKASI(37),DR RANI SRI KUMAR,DR RANI SRI KUMAR,196199,Result Declared,S22,India
REWA,10,REWA(10),JANARDAN MISHRA,JANARDAN MISHRA,193374,Result Declared,S12,India
KRISHNAGIRI,9,KRISHNAGIRI(9),GOPINATH K,GOPINATH K,192486,Result Declared,S22,India
Chamarajanagar,22,CHAMARAJANAGAR(22),SUNIL BOSE,SUNIL BOSE,188706,Result Declared,S10,India
Ananthapur,19,ANANTHAPUR(19),AMBICA G LAKSHMINARAYANA VALMIKI,AMBICA G LAKSHMINARAYANA VALMIKI,188555,Result Declared,S01,India
SRINAGAR,2,SRINAGAR(2),AGA SYED RUHULLAH MEHDI,AGA SYED RUHULLAH MEHDI,188416,Result Declared,U08,India
Samastipur,23,SAMASTIPUR(23),SHAMBHAVI,SHAMBHAVI,187251,Result Declared,S04,India
Kolkata Dakshin,23,KOLKATADAKSHIN(23),MALA ROY,MALA ROY,187231,Result Declared,S25,India
Ranaghat,13,RANAGHAT(13),JAGANNATH SARKAR,JAGANNATH SARKAR,186899,Result Declared,S25,India
CUDDALORE,26,CUDDALORE(26),M.K. VISHNUPRASAD,M.K. VISHNUPRASAD,185896,Result Declared,S22,India
Jhanjharpur,7,JHANJHARPUR(7),RAMPRIT MANDAL,RAMPRIT MANDAL,184169,Result Declared,S04,India
Palghar,22,PALGHAR(22),DR. HEMANT VISHNU SAVARA,DR. HEMANT VISHNU SAVARA,183306,Result Declared,S13,India
Ghatal,32,GHATAL(32),ADHIKARI DEEPAK (DEV),ADHIKARI DEEPAK (DEV),182868,Result Declared,S25,India
HAMIRPUR,3,HAMIRPUR(3),ANURAG SINGH THAKUR,ANURAG SINGH THAKUR,182357,Result Declared,S08,India
Eluru,10,ELURU(10),PUTTA MAHESH KUMAR,PUTTA MAHESH KUMAR,181857,Result Declared,S01,India
KANNIYAKUMARI,39,KANNIYAKUMARI(39),VIJAYAKUMAR (Alias) VIJAY VASANTH,VIJAYAKUMAR (Alias) VIJAY VASANTH,179907,Result Declared,S22,India
Darjeeling,4,DARJEELING(4),RAJU BISTA,RAJU BISTA,178525,Result Declared,S25,India
Belgaum,2,BELGAUM(2),JAGADISH SHETTAR,JAGADISH SHETTAR,178437,Result Declared,S10,India
Rajmahal,1,RAJMAHAL(1),VIJAY KUMAR HANSDAK,VIJAY KUMAR HANSDAK,178264,Result Declared,S27,India
Darbhanga,14,DARBHANGA(14),GOPAL JEE THAKUR,GOPAL JEE THAKUR,178156,Result Declared,S04,India
Jalandhar,4,JALANDHAR(4),CHARANJIT SINGH CHANNI,CHARANJIT SINGH CHANNI,175993,Result Declared,S19,India
Tumkur,19,TUMKUR(19),V. SOMANNA,V. SOMANNA,175594,Result Declared,S10,India
Srerampur,27,SRERAMPUR(27),KALYAN BANERJEE,KALYAN BANERJEE,174830,Result Declared,S25,India
Madhepura,13,MADHEPURA(13),DINESH CHANDRA YADAV,DINESH CHANDRA YADAV,174534,Result Declared,S04,India
BALAGHAT,15,BALAGHAT(15),BHARTI PARDHI,BHARTI PARDHI,174512,Result Declared,S12,India
Jhargram,33,JHARGRAM(33),KALIPADA SAREN (KHERWAL),KALIPADA SAREN (KHERWAL),174048,Result Declared,S25,India
FARIDABAD,10,FARIDABAD(10),KRISHAN PAL,KRISHAN PAL,172914,Result Declared,S07,India
Chevella,10,CHEVELLA(10),KONDA VISHWESHWAR REDDY,KONDA VISHWESHWAR REDDY,172897,Result Declared,S29,India
Sangrur,12,SANGRUR(12),GURMEET SINGH MEET HAYER,GURMEET SINGH MEET HAYER,172560,Result Declared,S19,India
Kannauj,42,KANNAUJ(42),AKHILESH YADAV,AKHILESH YADAV,170922,Result Declared,S24,India
Hajipur,21,HAJIPUR(21),CHIRAG PASWAN,CHIRAG PASWAN,170105,Result Declared,S04,India
Supaul,8,SUPAUL(8),DILESHWAR KAMAIT,DILESHWAR KAMAIT,169803,Result Declared,S04,India
Howrah,25,HOWRAH(25),PRASUN BANERJEE,PRASUN BANERJEE,169442,Result Declared,S25,India
Nalanda,29,NALANDA(29),KAUSHALENDRA KUMAR,KAUSHALENDRA KUMAR,169114,Result Declared,S04,India
Singhbhum,10,SINGHBHUM(10),JOBA MAJHI,JOBA MAJHI,168402,Result Declared,S27,India
Amethi,37,AMETHI(37),KISHORI LAL,KISHORI LAL,167196,Result Declared,S24,India
KARUR,23,KARUR(23),JOTHIMANI. S,JOTHIMANI. S,166816,Result Declared,S22,India
RAMANATHAPURAM,35,RAMANATHAPURAM(35),NAVASKANI K,NAVASKANI K,166782,Result Declared,S22,India
TIRUNELVELI,38,TIRUNELVELI(38),ROBERT BRUCE C,ROBERT BRUCE C,165620,Result Declared,S22,India
Berhampur,20,BERHAMPUR(20),DR. PRADEEP KUMAR PANIGRAHY,DR. PRADEEP KUMAR PANIGRAHY,165476,Result Declared,S18,India
Pilibhit,26,PILIBHIT(26),JITIN PRASADA,JITIN PRASADA,164935,Result Declared,S24,India
BILASPUR,5,BILASPUR(5),TOKHAN SAHU,TOKHAN SAHU,164558,Result Declared,S26,India
Murshidabad,11,MURSHIDABAD(11),ABU TAHER KHAN,ABU TAHER KHAN,164215,Result Declared,S25,India
Haridwar,5,HARIDWAR(5),TRIVENDRA SINGH RAWAT,TRIVENDRA SINGH RAWAT,164056,Result Declared,S28,India
Garhwal,2,GARHWAL(2),ANIL BALUNI,ANIL BALUNI,163503,Result Declared,S28,India
Chikkballapur,27,CHIKKBALLAPUR(27),DR.K.SUDHAKAR,DR.K.SUDHAKAR,163460,Result Declared,S10,India
Ghosi,70,GHOSI(70),RAJEEV RAI,RAJEEV RAI,162943,Result Declared,S24,India
Nashik,21,NASHIK(21),RAJABHAU (PARAG) PRAKASH WAJE,RAJABHAU (PARAG) PRAKASH WAJE,162001,Result Declared,S13,India
Khagaria,25,KHAGARIA(25),RAJESH VERMA,RAJESH VERMA,161131,Result Declared,S04,India
Azamgarh,69,AZAMGARH(69),DHARMENDRA YADAV,DHARMENDRA YADAV,161035,Result Declared,S24,India
Bardhaman Purba,38,BARDHAMANPURBA(38),DR. SHARMILA SARKAR,DR. SHARMILA SARKAR,160572,Result Declared,S25,India
Narsaraopet,14,NARSARAOPET(14),LAVU SRIKRISHNA DEVARAYALU,LAVU SRIKRISHNA DEVARAYALU,159729,Result Declared,S01,India
Baghpat,11,BAGHPAT(11),DR RAJKUMAR SANGWAN,DR RAJKUMAR SANGWAN,159459,Result Declared,S24,India
Nandurbar,1,NANDURBAR(1),ADV GOWAAL KAGADA PADAVI,ADV GOWAAL KAGADA PADAVI,159120,Result Declared,S13,India
Baramati,35,BARAMATI(35),SUPRIYA SULE,SUPRIYA SULE,158333,Result Declared,S13,India
Sabarkantha,5,SABARKANTHA(5),SHOBHANABEN MAHENDRASINH BARAIYA,SHOBHANABEN MAHENDRASINH BARAIYA,155682,Result Declared,S06,India
Tura,2,TURA(2),SALENG A SANGMA,SALENG A SANGMA,155241,Result Declared,S15,India
Kolhapur,47,KOLHAPUR(47),CHHATRAPATI SHAHU SHAHAJI,CHHATRAPATI SHAHU SHAHAJI,154964,Result Declared,S13,India
Patna Sahib,30,PATNASAHIB(30),RAVI SHANKAR PRASAD,RAVI SHANKAR PRASAD,153846,Result Declared,S04,India
Varanasi,77,VARANASI(77),NARENDRA MODI,NARENDRA MODI,152513,Result Declared,S24,India
Madhubani,6,MADHUBANI(6),ASHOK KUMAR YADAV,ASHOK KUMAR YADAV,151945,Result Declared,S04,India
Nagina,5,NAGINA(5),CHANDRASHEKHAR,CHANDRASHEKHAR,151473,Result Declared,S24,India
Kollam,18,KOLLAM(18),N K PREMACHANDRAN,N K PREMACHANDRAN,150302,Result Declared,S11,India
Khunti,11,KHUNTI(11),KALI CHARAN MUNDA,KALI CHARAN MUNDA,149675,Result Declared,S27,India
Dakshina Kannada,17,DAKSHINAKANNADA(17),CAPTAIN BRIJESH CHOWTA,CAPTAIN BRIJESH CHOWTA,149208,Result Declared,S10,India
Kaiserganj,57,KAISERGANJ(57),KARAN BHUSHAN SINGH,KARAN BHUSHAN SINGH,148843,Result Declared,S24,India
Koraput,21,KORAPUT(21),SAPTAGIRI SANKAR ULAKA,SAPTAGIRI SANKAR ULAKA,147744,Result Declared,S18,India
Diphu,6,DIPHU(6),AMARSING TISSO,AMARSING TISSO,147603,Result Declared,S03,India
Balasore,6,BALASORE(6),PRATAP CHANDRA SARANGI,PRATAP CHANDRA SARANGI,147156,Result Declared,S18,India
Kozhikode,5,KOZHIKODE(5),M. K. RAGHAVAN,M. K. RAGHAVAN,146176,Result Declared,S11,India
RAJGARH,20,RAJGARH(20),RODMAL NAGAR,RODMAL NAGAR,146089,Result Declared,S12,India
MAHASAMUND,9,MAHASAMUND(9),ROOP KUMARI CHOUDHARY,ROOP KUMARI CHOUDHARY,145456,Result Declared,S26,India
Jorhat,14,JORHAT(14),GAURAV GOGOI,GAURAV GOGOI,144393,Result Declared,S03,India
Jahanabad,36,JAHANABAD(36),SURENDRA PRASAD YADAV,SURENDRA PRASAD YADAV,142591,Result Declared,S04,India
Gadchiroli - Chimur,12,GADCHIROLI-CHIMUR(12),DR. KIRSAN NAMDEO,DR. KIRSAN NAMDEO,141696,Result Declared,S13,India
Shirur,36,SHIRUR(36),DR. AMOL RAMSING KOLHE,DR. AMOL RAMSING KOLHE,140951,Result Declared,S13,India
Mysore,21,MYSORE(21),YADUVEER KRISHNADATTA CHAMARAJA WADIYAR,YADUVEER KRISHNADATTA CHAMARAJA WADIYAR,139262,Result Declared,S10,India
Lohardaga,12,LOHARDAGA(12),SUKHDEO BHAGAT,SUKHDEO BHAGAT,139138,Result Declared,S27,India
Sundargarh,2,SUNDARGARH(2),JUAL ORAM,JUAL ORAM,138808,Result Declared,S18,India
North-East Delhi,2,NORTH-EASTDELHI(2),MANOJ TIWARI,MANOJ TIWARI,138778,Result Declared,U05,India
Bardhaman-Durgapur,39,BARDHAMAN-DURGAPUR(39),AZAD KIRTI JHA,AZAD KIRTI JHA,137981,Result Declared,S25,India
Nagpur,10,NAGPUR(10),NITIN JAIRAM GADKARI,NITIN JAIRAM GADKARI,137603,Result Declared,S13,India
Ambedkar Nagar,55,AMBEDKARNAGAR(55),LALJI VERMA,LALJI VERMA,137247,Result Declared,S24,India
Paschim Champaran,2,PASCHIMCHAMPARAN(2),DR.SANJAY JAISWAL,DR.SANJAY JAISWAL,136568,Result Declared,S04,India
PUDUCHERRY,1,PUDUCHERRY(1),VE VAITHILINGAM,VE VAITHILINGAM,136516,Result Declared,U07,India
JAMMU,5,JAMMU(5),JUGAL KISHORE,JUGAL KISHORE,135498,Result Declared,U08,India
Junagadh,13,JUNAGADH(13),CHUDASAMA RAJESHBHAI NARANBHAI,CHUDASAMA RAJESHBHAI NARANBHAI,135494,Result Declared,S06,India
Lucknow,35,LUCKNOW(35),RAJ NATH SINGH,RAJ NATH SINGH,135159,Result Declared,S24,India
KHARGONE,27,KHARGONE(27),GAJENDRA SINGH PATEL,GAJENDRA SINGH PATEL,135018,Result Declared,S12,India
Aurangabad,19,AURANGABAD(19),BHUMARE SANDIPANRAO ASARAM,BHUMARE SANDIPANRAO ASARAM,134650,Result Declared,S13,India
Parbhani,17,PARBHANI(17),JADHAV SANJAY ( BANDU ) HARIBHAU,JADHAV SANJAY ( BANDU ) HARIBHAU,134061,Result Declared,S13,India
Kalahandi,11,KALAHANDI(11),MALVIKA DEVI,MALVIKA DEVI,133813,Result Declared,S18,India
Idukki,13,IDUKKI(13),ADV. DEAN KURIAKOSE,ADV. DEAN KURIAKOSE,133727,Result Declared,S11,India
Bolangir,10,BOLANGIR(10),SANGEETA KUMARI SINGH DEO,SANGEETA KUMARI SINGH DEO,132664,Result Declared,S18,India
Hindupur,20,HINDUPUR(20),B K PARTHASARATHI,B K PARTHASARATHI,132427,Result Declared,S01,India
Peddapalle,2,PEDDAPALLE(2),VAMSI KRISHNA GADDAM,VAMSI KRISHNA GADDAM,131364,Result Declared,S29,India
Robertsganj,80,ROBERTSGANJ(80),CHHOTELAL,CHHOTELAL,129234,Result Declared,S24,India
Bidar,7,BIDAR(7),SAGAR ESHWAR KHANDRE,SAGAR ESHWAR KHANDRE,128875,Result Declared,S10,India
Maldaha Dakshin,8,MALDAHADAKSHIN(8),ISHA KHAN CHOUDHURY,ISHA KHAN CHOUDHURY,128368,Result Declared,S25,India
Gopalganj,17,GOPALGANJ(17),DR. ALOK KUMAR SUMAN,DR. ALOK KUMAR SUMAN,127180,Result Declared,S04,India
TIRUPPUR,18,TIRUPPUR(18),"SUBBARAYAN, K.","SUBBARAYAN, K.",125928,Result Declared,S22,India
Ghazipur,75,GHAZIPUR(75),AFZAL ANSARI,AFZAL ANSARI,124861,Result Declared,S24,India
UDHAMPUR,4,UDHAMPUR(4),DR JITENDRA SINGH,DR JITENDRA SINGH,124373,Result Declared,U08,India
South Delhi,7,SOUTHDELHI(7),RAMVIR SINGH BIDHURI,RAMVIR SINGH BIDHURI,124333,Result Declared,U05,India
Pune,34,PUNE(34),MURLIDHAR MOHOL,MURLIDHAR MOHOL,123038,Result Declared,S13,India
Sambhal,8,SAMBHAL(8),ZIA UR REHMAN,ZIA UR REHMAN,121494,Result Declared,S24,India
Madha,43,MADHA(43),MOHITE-PATIL DHAIRYASHEEL RAJSINH,MOHITE-PATIL DHAIRYASHEEL RAJSINH,120837,Result Declared,S13,India
Ranchi,8,RANCHI(8),SANJAY SETH,SANJAY SETH,120512,Result Declared,S27,India
Sambalpur,3,SAMBALPUR(3),DHARMENDRA PRADHAN,DHARMENDRA PRADHAN,119836,Result Declared,S18,India
BARMER,17,BARMER(17),UMMEDA RAM BENIWAL,UMMEDA RAM BENIWAL,118176,Result Declared,S20,India
COIMBATORE,20,COIMBATORE(20),GANAPATHY RAJKUMAR P,GANAPATHY RAJKUMAR P,118068,Result Declared,S22,India
Jangipur,9,JANGIPUR(9),KHALILUR RAHAMAN,KHALILUR RAHAMAN,116637,Result Declared,S25,India
North Goa,1,NORTHGOA(1),SHRIPAD YESSO NAIK,SHRIPAD YESSO NAIK,116015,Result Declared,S05,India
JODHPUR,16,JODHPUR(16),GAJENDRA SINGH SHEKHAWAT,GAJENDRA SINGH SHEKHAWAT,115677,Result Declared,S20,India
Lalganj,68,LALGANJ(68),DAROGA PRASAD SAROJ,DAROGA PRASAD SAROJ,115023,Result Declared,S24,India
Vadakara,3,VADAKARA(3),SHAFI PARAMBIL,SHAFI PARAMBIL,114506,Result Declared,S11,India
Barasat,17,BARASAT(17),KAKOLI GHOSH DASTIDAR,KAKOLI GHOSH DASTIDAR,114189,Result Declared,S25,India
CHHINDWARA,16,CHHINDWARA(16),BUNTY VIVEK SAHU,BUNTY VIVEK SAHU,113618,Result Declared,S12,India
Dindori,20,DINDORI(20),BHASKAR MURLIDHAR BHAGARE,BHASKAR MURLIDHAR BHAGARE,113199,Result Declared,S13,India
Jamui,40,JAMUI(40),ARUN BHARTI,ARUN BHARTI,112482,Result Declared,S04,India
Nandyal,17,NANDYAL(17),DR BYREDDY SHABARI,DR BYREDDY SHABARI,111975,Result Declared,S01,India
Kurnoolu,18,KURNOOLU(18),BASTIPATI NAGARAJU PANCHALINGALA,BASTIPATI NAGARAJU PANCHALINGALA,111298,Result Declared,S01,India
Jalna,18,JALNA(18),KALYAN VAIJINATHRAO KALE,KALYAN VAIJINATHRAO KALE,109958,Result Declared,S13,India
Inner Manipur,1,INNERMANIPUR(1),ANGOMCHA BIMOL AKOIJAM,ANGOMCHA BIMOL AKOIJAM,109801,Result Declared,S14,India
Nizamabad,4,NIZAMABAD(4),ARVIND DHARMAPURI,ARVIND DHARMAPURI,109241,Result Declared,S29,India
Kannur,2,KANNUR(2),K. SUDHAKARAN,K. SUDHAKARAN,108982,Result Declared,S11,India
Hingoli,15,HINGOLI(15),AASHTIKAR PATIL NAGESH BAPURAO,AASHTIKAR PATIL NAGESH BAPURAO,108602,Result Declared,S13,India
Karakat,35,KARAKAT(35),RAJA RAM SINGH,RAJA RAM SINGH,105858,Result Declared,S04,India
Moradabad,6,MORADABAD(6),RUCHI VIRA,RUCHI VIRA,105762,Result Declared,S24,India
Bhagalpur,26,BHAGALPUR(26),AJAY KUMAR MANDAL,AJAY KUMAR MANDAL,104868,Result Declared,S04,India
Puri,17,PURI(17),SAMBIT PATRA,SAMBIT PATRA,104709,Result Declared,S18,India
Kaushambi,50,KAUSHAMBI(50),PUSHPENDRA SAROJ,PUSHPENDRA SAROJ,103944,Result Declared,S24,India
MANDLA,14,MANDLA(14),FAGGAN SINGH KULASTE,FAGGAN SINGH KULASTE,103846,Result Declared,S12,India
Banka,27,BANKA(27),GIRIDHARI YADAV,GIRIDHARI YADAV,103844,Result Declared,S04,India
CHIDAMBARAM,27,CHIDAMBARAM(27),THIRUMAAVALAVAN THOL,THIRUMAAVALAVAN THOL,103554,Result Declared,S22,India
Gorakhpur,64,GORAKHPUR(64),RAVINDRA SHUKLA ALIAS RAVI KISHAN,RAVINDRA SHUKLA ALIAS RAVI KISHAN,103526,Result Declared,S24,India
Maharajganj,19,MAHARAJGANJ(19),"JANARDAN SINGH ""SIGRIWAL""","JANARDAN SINGH ""SIGRIWAL""",102651,Result Declared,S04,India
Jhansi,46,JHANSI(46),ANURAG SHARMA,ANURAG SHARMA,102614,Result Declared,S24,India
Godda,3,GODDA(3),NISHIKANT DUBEY,NISHIKANT DUBEY,101813,Result Declared,S27,India
Gaya,38,GAYA(38),JITAN RAM MANJHI,JITAN RAM MANJHI,101812,Result Declared,S04,India
Basti,61,BASTI(61),RAM PRASAD CHAUDHARY,RAM PRASAD CHAUDHARY,100994,Result Declared,S24,India
Arunachal West,1,ARUNACHALWEST(1),KIREN RIJIJU,KIREN RIJIJU,100738,Result Declared,S02,India
Kasaragod,1,KASARAGOD(1),RAJMOHAN UNNITHAN,RAJMOHAN UNNITHAN,100649,Result Declared,S11,India
Sangli,44,SANGLI(44),VISHAL (DADA) PRAKASHBAPU PATIL,VISHAL (DADA) PRAKASHBAPU PATIL,100053,Result Declared,S13,India
Aska,19,ASKA(19),ANITA SUBHADARSHINI,ANITA SUBHADARSHINI,99974,Result Declared,S18,India
Jaunpur,73,JAUNPUR(73),BABU SINGH KUSHWAHA,BABU SINGH KUSHWAHA,99335,Result Declared,S24,India
Bellary,9,BELLARY(9),E. TUKARAM,E. TUKARAM,98992,Result Declared,S10,India
KARAULI-DHOLPUR,10,KARAULI-DHOLPUR(10),BHAJAN LAL JATAV,BHAJAN LAL JATAV,98945,Result Declared,S20,India
Valmiki Nagar,1,VALMIKINAGAR(1),SUNIL KUMAR,SUNIL KUMAR,98675,Result Declared,S04,India
Dharwad,11,DHARWAD(11),PRALHAD JOSHI,PRALHAD JOSHI,97324,Result Declared,S10,India
Keonjhar,4,KEONJHAR(4),ANANTA NAYAK,ANANTA NAYAK,97042,Result Declared,S18,India
Maval,33,MAVAL(33),SHRIRANG APPA CHANDU BARNE,SHRIRANG APPA CHANDU BARNE,96615,Result Declared,S13,India
Yavatmal- Washim,14,YAVATMAL-WASHIM(14),SANJAY UTTAMRAO DESHMUKH,SANJAY UTTAMRAO DESHMUKH,94473,Result Declared,S13,India
Nagarkurnool,12,NAGARKURNOOL(12),DR.MALLU RAVI,DR.MALLU RAVI,94414,Result Declared,S29,India
East Delhi,3,EASTDELHI(3),HARSH MALHOTRA,HARSH MALHOTRA,93663,Result Declared,U05,India
Siwan,18,SIWAN(18),VIJAYLAKSHMI DEVI,VIJAYLAKSHMI DEVI,92857,Result Declared,S04,India
Kolkata Uttar,24,KOLKATAUTTAR(24),BANDYOPADHYAY SUDIP,BANDYOPADHYAY SUDIP,92560,Result Declared,S25,India
Sant Kabir Nagar,62,SANTKABIRNAGAR(62),LAXMIKANT PAPPU NISHAD,LAXMIKANT PAPPU NISHAD,92170,Result Declared,S24,India
Bhadrak,7,BHADRAK(7),AVIMANYU SETHI,AVIMANYU SETHI,91544,Result Declared,S18,India
SHIMLA,4,SHIMLA(4),Suresh Kumar Kashyap,Suresh Kumar Kashyap,91451,Result Declared,S08,India
Chikkodi,1,CHIKKODI(1),PRIYANKA SATISH JARKIHOLI,PRIYANKA SATISH JARKIHOLI,90834,Result Declared,S10,India
Adilabad,1,ADILABAD(1),GODAM NAGESH,GODAM NAGESH,90652,Result Declared,S29,India
Anand,16,ANAND(16),MITESH PATEL (BAKABHAI),MITESH PATEL (BAKABHAI),89939,Result Declared,S06,India
Sitapur,30,SITAPUR(30),RAKESH RATHOR,RAKESH RATHOR,89641,Result Declared,S24,India
Vaishali,16,VAISHALI(16),VEENA DEVI,VEENA DEVI,89634,Result Declared,S04,India
Chandni Chowk,1,CHANDNICHOWK(1),PRAVEEN KHANDELWAL,PRAVEEN KHANDELWAL,89325,Result Declared,U05,India
Firozabad,20,FIROZABAD(20),AKSHAYA YADAV,AKSHAYA YADAV,89312,Result Declared,S24,India
Purvi Champaran,3,PURVICHAMPARAN(3),RADHA MOHAN SINGH,RADHA MOHAN SINGH,88287,Result Declared,S04,India
GANGANAGAR,1,GANGANAGAR(1),KULDEEP INDORA,KULDEEP INDORA,88153,Result Declared,S20,India
Nabarangpur,12,NABARANGPUR(12),BALABHADRA MAJHI,BALABHADRA MAJHI,87536,Result Declared,S18,India
Rampur,7,RAMPUR(7),MOHIBBULLAH,MOHIBBULLAH,87434,Result Declared,S24,India
Kottayam,14,KOTTAYAM(14),ADV K FRANCIS GEORGE,ADV K FRANCIS GEORGE,87266,Result Declared,S11,India
Jalpaiguri,3,JALPAIGURI(3),DR JAYANTA KUMAR ROY,DR JAYANTA KUMAR ROY,86693,Result Declared,S25,India
Bharuch,22,BHARUCH(22),MANSUKHBHAI DHANJIBHAI VASAVA,MANSUKHBHAI DHANJIBHAI VASAVA,85696,Result Declared,S06,India
Outer Manipur,2,OUTERMANIPUR(2),ALFRED KANNGAM S ARTHUR,ALFRED KANNGAM S ARTHUR,85418,Result Declared,S14,India
Patliputra,31,PATLIPUTRA(31),MISHA BHARTI,MISHA BHARTI,85174,Result Declared,S04,India
Baharampur,10,BAHARAMPUR(10),PATHAN YUSUF,PATHAN YUSUF,85022,Result Declared,S25,India
SATNA,9,SATNA(9),GANESH SINGH,GANESH SINGH,84949,Result Declared,S12,India
Gurdaspur,1,GURDASPUR(1),SUKHJINDER SINGH RANDHAWA,SUKHJINDER SINGH RANDHAWA,82861,Result Declared,S19,India
Raigad,32,RAIGAD(32),TATKARE SUNIL DATTATREY,TATKARE SUNIL DATTATREY,82784,Result Declared,S13,India
Kushi Nagar,65,KUSHINAGAR(65),VIJAY KUMAR DUBAY,VIJAY KUMAR DUBAY,81790,Result Declared,S24,India
Wardha,8,WARDHA(8),AMAR SHARADRAO KALE,AMAR SHARADRAO KALE,81648,Result Declared,S13,India
Begusarai,24,BEGUSARAI(24),GIRIRAJ SINGH,GIRIRAJ SINGH,81480,Result Declared,S04,India
Giridih,6,GIRIDIH(6),CHANDRA PRAKASH CHOUDHARY,CHANDRA PRAKASH CHOUDHARY,80880,Result Declared,S27,India
Munger,28,MUNGER(28),RAJIV RANJAN SINGH ALIAS LALAN SINGH,RAJIV RANJAN SINGH ALIAS LALAN SINGH,80870,Result Declared,S04,India
Sikkim,1,SIKKIM(1),INDRA HANG SUBBA,INDRA HANG SUBBA,80830,Result Declared,S21,India
Raichur,6,RAICHUR(6),G. KUMAR NAIK.,G. KUMAR NAIK.,79781,Result Declared,S10,India
Aurangabad,37,AURANGABAD(37),ABHAY KUMAR SINHA,ABHAY KUMAR SINHA,79111,Result Declared,S04,India
New Delhi,4,NEWDELHI(4),BANSURI SWARAJ,BANSURI SWARAJ,78370,Result Declared,U05,India
Tamluk,30,TAMLUK(30),ABHIJIT GANGOPADHYAY,ABHIJIT GANGOPADHYAY,77733,Result Declared,S25,India
Maldaha Uttar,7,MALDAHAUTTAR(7),KHAGEN MURMU,KHAGEN MURMU,77708,Result Declared,S25,India
Bijapur,4,BIJAPUR(4),RAMESH JIGAJINAGI,RAMESH JIGAJINAGI,77229,Result Declared,S10,India
Hooghly,28,HOOGHLY(28),RACHNA BANERJEE,RACHNA BANERJEE,76853,Result Declared,S25,India
Ramtek,9,RAMTEK(9),Shyamkumar (Babalu) Daulat Barve,Shyamkumar (Babalu) Daulat Barve,76768,Result Declared,S13,India
Shrawasti,58,SHRAWASTI(58),RAM SHIROMANI VERMA,RAM SHIROMANI VERMA,76673,Result Declared,S24,India
Dhenkanal,9,DHENKANAL(9),RUDRA NARAYAN PANY,RUDRA NARAYAN PANY,76567,Result Declared,S18,India
Rajampet,24,RAJAMPET(24),P V MIDHUN REDDY,P V MIDHUN REDDY,76071,Result Declared,S01,India
Alipurduars,2,ALIPURDUARS(2),MANOJ TIGGA,MANOJ TIGGA,75447,Result Declared,S25,India
Palakkad,8,PALAKKAD(8),V K SREEKANDAN,V K SREEKANDAN,75283,Result Declared,S11,India
GURGAON,9,GURGAON(9),RAO INDERJIT SINGH,RAO INDERJIT SINGH,75079,Result Declared,S07,India
MANDI,2,MANDI(2),KANGNA RANAUT,KANGNA RANAUT,74755,Result Declared,S08,India
Thrissur,10,THRISSUR(10),SURESH GOPI,SURESH GOPI,74686,Result Declared,S11,India
Solapur,42,SOLAPUR(42),PRANITI SUSHILKUMAR SHINDE,PRANITI SUSHILKUMAR SHINDE,74197,Result Declared,S13,India
Bangaon,14,BANGAON(14),SHANTANU THAKUR,SHANTANU THAKUR,73693,Result Declared,S25,India
SIKAR,5,SIKAR(5),AMRARAM,AMRARAM,72896,Result Declared,S20,India
CHURU,3,CHURU(3),RAHUL KASWAN,RAHUL KASWAN,72737,Result Declared,S20,India
Kolar,28,KOLAR(28),M. MALLESH BABU,M. MALLESH BABU,71388,Result Declared,S10,India
Banda,48,BANDA(48),KRISHNA DEVI SHIVSHANKER PATEL,KRISHNA DEVI SHIVSHANKER PATEL,71210,Result Declared,S24,India
VILUPPURAM,13,VILUPPURAM(13),RAVIKUMAR. D,RAVIKUMAR. D,70703,Result Declared,S22,India
Dum dum,16,DUMDUM(16),SOUGATA RAY,SOUGATA RAY,70660,Result Declared,S25,India
SALEM,15,SALEM(15),SELVAGANAPATHI T M,SELVAGANAPATHI T M,70357,Result Declared,S22,India
Mohanlalganj,34,MOHANLALGANJ(34),R.K. CHAUDHARY,R.K. CHAUDHARY,70292,Result Declared,S24,India
GWALIOR,3,GWALIOR(3),BHARAT SINGH KUSHWAH,BHARAT SINGH KUSHWAH,70210,Result Declared,S12,India
Faridkot,9,FARIDKOT(9),SARABJEET SINGH KHALSA,SARABJEET SINGH KHALSA,70053,Result Declared,S19,India
Kairana,2,KAIRANA(2),IQRA CHOUDHARY,IQRA CHOUDHARY,69116,Result Declared,S24,India
Bagalkot,3,BAGALKOT(3),GADDIGOUDAR. PARVATAGOUDA. CHANDANAGOUDA.,GADDIGOUDAR. PARVATAGOUDA. CHANDANAGOUDA.,68399,Result Declared,S10,India
MIZORAM,1,MIZORAM(1),RICHARD VANLALHMANGAIHA,RICHARD VANLALHMANGAIHA,68288,Result Declared,S16,India
Raiganj,5,RAIGANJ(5),KARTICK CHANDRA PAUL,KARTICK CHANDRA PAUL,68197,Result Declared,S25,India
Nawada,39,NAWADA(39),VIVEK THAKUR,VIVEK THAKUR,67670,Result Declared,S04,India
Kendrapara,15,KENDRAPARA(15),BAIJAYANT PANDA,BAIJAYANT PANDA,66536,Result Declared,S18,India
Pratapgarh,39,PRATAPGARH(39),SHIV PAL SINGH PATEL (DR. S P SINGH),SHIV PAL SINGH PATEL (DR. S P SINGH),66206,Result Declared,S24,India
Bhiwandi,23,BHIWANDI(23),BALYA MAMA - SURESH GOPINATH MHATRE,BALYA MAMA - SURESH GOPINATH MHATRE,66121,Result Declared,S13,India
Pathanamthitta,17,PATHANAMTHITTA(17),ANTO ANTONY,ANTO ANTONY,66119,Result Declared,S11,India
TONK-SAWAI MADHOPUR,12,TONK-SAWAIMADHOPUR(12),HARISH CHANDRA MEENA,HARISH CHANDRA MEENA,64949,Result Declared,S20,India
BHIND,2,BHIND(2),SANDHYA RAY,SANDHYA RAY,64840,Result Declared,S12,India
SURGUJA,1,SURGUJA(1),CHINTAMANI MAHARAJ,CHINTAMANI MAHARAJ,64822,Result Declared,S26,India
Saharanpur,1,SAHARANPUR(1),IMRAN MASOOD,IMRAN MASOOD,64542,Result Declared,S24,India
Barrackpur,15,BARRACKPUR(15),PARTHA BHOWMICK,PARTHA BHOWMICK,64438,Result Declared,S25,India
Baharaich,56,BAHARAICH(56),ANAND KUMAR,ANAND KUMAR,64227,Result Declared,S24,India
Chalakudy,11,CHALAKUDY(11),BENNY BEHANAN,BENNY BEHANAN,63754,Result Declared,S11,India
Alappuzha,15,ALAPPUZHA(15),K. C VENUGOPAL,K. C VENUGOPAL,63513,Result Declared,S11,India
HISAR,4,HISAR(4),JAI PARKASH (J P) S/O HARIKESH,JAI PARKASH (J P) S/O HARIKESH,63381,Result Declared,S07,India
Kadapa,21,KADAPA(21),Y. S. AVINASH REDDY,Y. S. AVINASH REDDY,62695,Result Declared,S01,India
Latur,41,LATUR(41),DR. KALGE SHIVAJI BANDAPPA,DR. KALGE SHIVAJI BANDAPPA,61881,Result Declared,S13,India
Ujiarpur,22,UJIARPUR(22),NITYANAND RAI,NITYANAND RAI,60102,Result Declared,S04,India
JANJGIR-CHAMPA,3,JANJGIR-CHAMPA(3),KAMLESH JANGDE,KAMLESH JANGDE,60000,Result Declared,S26,India
Arrah,32,ARRAH(32),SUDAMA PRASAD,SUDAMA PRASAD,59808,Result Declared,S04,India
Kishanganj,10,KISHANGANJ(10),MOHAMMAD JAWED,MOHAMMAD JAWED,59692,Result Declared,S04,India
Asansol,40,ASANSOL(40),SHATRUGHAN PRASAD SINHA,SHATRUGHAN PRASAD SINHA,59564,Result Declared,S25,India
Nanded,16,NANDED(16),CHAVAN VASANTRAO BALWANTRAO,CHAVAN VASANTRAO BALWANTRAO,59442,Result Declared,S13,India
Allahabad,52,ALLAHABAD(52),UJJWAL RAMAN SINGH,UJJWAL RAMAN SINGH,58795,Result Declared,S24,India
Etawah,41,ETAWAH(41),JITENDRA KUMAR DOHARE,JITENDRA KUMAR DOHARE,58419,Result Declared,S24,India
Dadar & Nagar Haveli,2,DADAR&NAGARHAVELI(2),DELKAR KALABEN MOHANBHAI,DELKAR KALABEN MOHANBHAI,57584,Result Declared,U03,India
Cuttack,14,CUTTACK(14),BHARTRUHARI MAHTAB,BHARTRUHARI MAHTAB,57077,Result Declared,S18,India
Krishnanagar,12,KRISHNANAGAR(12),MAHUA MOITRA,MAHUA MOITRA,56705,Result Declared,S25,India
BIKANER,2,BIKANER(2),ARJUN RAM MEGHWAL,ARJUN RAM MEGHWAL,55711,Result Declared,S20,India
Shahjahanpur,27,SHAHJAHANPUR(27),ARUN KUMAR SAGAR,ARUN KUMAR SAGAR,55379,Result Declared,S24,India
BASTAR,10,BASTAR(10),MAHESH KASHYAP,MAHESH KASHYAP,55245,Result Declared,S26,India
Faizabad,54,FAIZABAD(54),AWADHESH PRASAD,AWADHESH PRASAD,54567,Result Declared,S24,India
Jalaun,45,JALAUN(45),NARAYAN DAS AHIRWAR,NARAYAN DAS AHIRWAR,53898,Result Declared,S24,India
KALLAKURICHI,14,KALLAKURICHI(14),MALAIYARASAN D,MALAIYARASAN D,53784,Result Declared,S22,India
Mumbai South Central,30,MUMBAISOUTHCENTRAL(30),ANIL YESHWANT DESAI,ANIL YESHWANT DESAI,53384,Result Declared,S13,India
Mumbai South,31,MUMBAISOUTH(31),ARVIND GANPAT SAWANT,ARVIND GANPAT SAWANT,52673,Result Declared,S13,India
MORENA,1,MORENA(1),SHIVMANGAL SINGH TOMAR,SHIVMANGAL SINGH TOMAR,52530,Result Declared,S12,India
BHARATPUR,9,BHARATPUR(9),SANJNA JATAV,SANJNA JATAV,51983,Result Declared,S20,India
Kokrajhar,1,KOKRAJHAR(1),JOYANTA BASUMATARY,JOYANTA BASUMATARY,51583,Result Declared,S03,India
Sitamarhi,5,SITAMARHI(5),DEVESH CHANDRA THAKUR,DEVESH CHANDRA THAKUR,51356,Result Declared,S04,India
Nagaland,1,NAGALAND(1),S SUPONGMEREN JAMIR,S SUPONGMEREN JAMIR,50984,Result Declared,S17,India
Araku (ST),1,ARAKU(ST)(1),GUMMA THANUJA RANI,GUMMA THANUJA RANI,50580,Result Declared,S01,India
Shirdi,38,SHIRDI(38),BHAUSAHEB RAJARAM WAKCHAURE,BHAUSAHEB RAJARAM WAKCHAURE,50529,Result Declared,S13,India
Ongole,16,ONGOLE(16),MAGUNTA SREENIVASULU REDDY,MAGUNTA SREENIVASULU REDDY,50199,Result Declared,S01,India
Secunderabad,8,SECUNDERABAD(8),G. KISHAN REDDY,G. KISHAN REDDY,49944,Result Declared,S29,India
Katihar,11,KATIHAR(11),TARIQ ANWAR,TARIQ ANWAR,49863,Result Declared,S04,India
Bathinda,11,BATHINDA(11),HARSIMRAT KAUR BADAL,HARSIMRAT KAUR BADAL,49656,Result Declared,S19,India
AMBALA,1,AMBALA(1),VARUN CHAUDHRY,VARUN CHAUDHRY,49036,Result Declared,S07,India
ALWAR,8,ALWAR(8),BHUPENDER YADAV,BHUPENDER YADAV,48282,Result Declared,S20,India
Chitradurga,18,CHITRADURGA(18),GOVIND MAKTHAPPA KARJOL,GOVIND MAKTHAPPA KARJOL,48121,Result Declared,S10,India
Ratnagiri- Sindhudurg,46,RATNAGIRI-SINDHUDURG(46),NARAYAN TATU RANE,NARAYAN TATU RANE,47858,Result Declared,S13,India
Kanthi,31,KANTHI(31),ADHIKARI SOUMENDU,ADHIKARI SOUMENDU,47764,Result Declared,S25,India
Koppal,8,KOPPAL(8),K. RAJASHEKAR BASAVARAJ HITNAL,K. RAJASHEKAR BASAVARAJ HITNAL,46357,Result Declared,S10,India
Gonda,59,GONDA(59),KIRTIVARDHAN SINGH,KIRTIVARDHAN SINGH,46224,Result Declared,S24,India
Zahirabad,5,ZAHIRABAD(5),SURESH KUMAR SHETKAR,SURESH KUMAR SHETKAR,46188,Result Declared,S29,India
RAJNANDGAON,6,RAJNANDGAON(6),SANTOSH PANDEY,SANTOSH PANDEY,44411,Result Declared,S26,India
Akbarpur,44,AKBARPUR(44),DEVENDRA SINGH ALIAS BHOLE SINGH,DEVENDRA SINGH ALIAS BHOLE SINGH,44345,Result Declared,S24,India
Hoshiarpur,5,HOSHIARPUR(5),DR. RAJ KUMAR CHABBEWAL,DR. RAJ KUMAR CHABBEWAL,44111,Result Declared,S19,India
Bhadohi,78,BHADOHI(78),DR. VINOD KUMAR BIND,DR. VINOD KUMAR BIND,44072,Result Declared,S24,India
Haveri,10,HAVERI(10),BASAVARAJ BOMMAI,BASAVARAJ BOMMAI,43513,Result Declared,S10,India
Fatehpur Sikri,19,FATEHPURSIKRI(19),RAJKUMAR CHAHAR,RAJKUMAR CHAHAR,43405,Result Declared,S24,India
Ballia,72,BALLIA(72),SANATAN PANDEY,SANATAN PANDEY,43384,Result Declared,S24,India
KORBA,4,KORBA(4),JYOTSNA CHARANDAS MAHANT,JYOTSNA CHARANDAS MAHANT,43283,Result Declared,S26,India
Sultanpur,38,SULTANPUR(38),RAMBHUAL NISHAD,RAMBHUAL NISHAD,43174,Result Declared,S24,India
Domariyaganj,60,DOMARIYAGANJ(60),JAGDAMBIKA PAL,JAGDAMBIKA PAL,42728,Result Declared,S24,India
Hassan,16,HASSAN(16),SHREYAS. M. PATEL,SHREYAS. M. PATEL,42649,Result Declared,S10,India
NAGAUR,14,NAGAUR(14),HANUMAN BENIWAL,HANUMAN BENIWAL,42225,Result Declared,S20,India
KOTA,24,KOTA(24),OM BIRLA,OM BIRLA,41974,Result Declared,S20,India
BHIWANI-MAHENDRAGARH,8,BHIWANI-MAHENDRAGARH(8),DHARAMBIR SINGH,DHARAMBIR SINGH,41510,Result Declared,S07,India
Jagatsinghpur,16,JAGATSINGHPUR(16),BIBHU PRASAD TARAI,BIBHU PRASAD TARAI,40696,Result Declared,S18,India
Akola,6,AKOLA(6),ANUP SANJAY DHOTRE,ANUP SANJAY DHOTRE,40626,Result Declared,S13,India
Amritsar,2,AMRITSAR(2),GURJEET SINGH AUJLA,GURJEET SINGH AUJLA,40301,Result Declared,S19,India
Coochbehar,1,COOCHBEHAR(1),JAGADISH CHANDRA BARMA BASUNIA,JAGADISH CHANDRA BARMA BASUNIA,39250,Result Declared,S25,India
Medak,6,MEDAK(6),MADHAVANENI RAGHUNANDAN RAO,MADHAVANENI RAGHUNANDAN RAO,39139,Result Declared,S29,India
Mirzapur,79,MIRZAPUR(79),ANUPRIYA PATEL,ANUPRIYA PATEL,37810,Result Declared,S24,India
Bijnor,4,BIJNOR(4),CHANDAN CHAUHAN,CHANDAN CHAUHAN,37508,Result Declared,S24,India
Bhandara Gondiya,11,BHANDARAGONDIYA(11),DR. PRASHANT YADAORAO PADOLE,DR. PRASHANT YADAORAO PADOLE,37380,Result Declared,S13,India
Machhlishahr,74,MACHHLISHAHR(74),PRIYA SAROJ,PRIYA SAROJ,35850,Result Declared,S24,India
Unnao,33,UNNAO(33),SWAMI SACHCHIDANAND HARI SAKSHI,SWAMI SACHCHIDANAND HARI SAKSHI,35818,Result Declared,S24,India
Maharajganj,63,MAHARAJGANJ(63),PANKAJ CHAUDHARY,PANKAJ CHAUDHARY,35451,Result Declared,S24,India
Bhubaneswar,18,BHUBANESWAR(18),APARAJITA SARANGI,APARAJITA SARANGI,35152,Result Declared,S18,India
Badaun,23,BADAUN(23),ADITYA YADAV,ADITYA YADAV,34991,Result Declared,S24,India
Deoria,66,DEORIA(66),SHASHANK MANI,SHASHANK MANI,34842,Result Declared,S24,India
Bareilly,25,BAREILLY(25),CHHATRA PAL SINGH GANGWAR,CHHATRA PAL SINGH GANGWAR,34804,Result Declared,S24,India
Kheri,28,KHERI(28),UTKARSH VERMA 'MADHUR',UTKARSH VERMA 'MADHUR',34329,Result Declared,S24,India
Fatehgarh Sahib,8,FATEHGARHSAHIB(8),AMAR SINGH,AMAR SINGH,34202,Result Declared,S19,India
Misrikh,32,MISRIKH(32),ASHOK KUMAR RAWAT,ASHOK KUMAR RAWAT,33406,Result Declared,S24,India
Fatehpur,49,FATEHPUR(49),NARESH CHANDRA UTTAM PATEL,NARESH CHANDRA UTTAM PATEL,33199,Result Declared,S24,India
Bankura,36,BANKURA(36),ARUP CHAKRABORTY,ARUP CHAKRABORTY,32778,Result Declared,S25,India
Satara,45,SATARA(45),SHRIMANT CHH UDAYANRAJE PRATAPSINHAMAHARAJ BHONSLE,SHRIMANT CHH UDAYANRAJE PRATAPSINHAMAHARAJ BHONSLE,32771,Result Declared,S13,India
Bangalore central,25,BANGALORECENTRAL(25),P C MOHAN,P C MOHAN,32707,Result Declared,S10,India
Patan,3,PATAN(3),DABHI  BHARATSINHJI  SHANKARJI,DABHI  BHARATSINHJI  SHANKARJI,31876,Result Declared,S06,India
Arunachal East,2,ARUNACHALEAST(2),TAPIR GAO,TAPIR GAO,30421,Result Declared,S02,India
Banaskantha,2,BANASKANTHA(2),GENIBEN NAGAJI THAKOR,GENIBEN NAGAJI THAKOR,30406,Result Declared,S06,India
Buxar,33,BUXAR(33),SUDHAKAR SINGH,SUDHAKAR SINGH,30091,Result Declared,S04,India
Mumbai North East,28,MUMBAINORTHEAST(28),SANJAY DINA PATIL,SANJAY DINA PATIL,29861,Result Declared,S13,India
Buldhana,5,BULDHANA(5),JADHAV PRATAPRAO GANPATRAO,JADHAV PRATAPRAO GANPATRAO,29479,Result Declared,S13,India
Sheohar,4,SHEOHAR(4),LOVELY ANAND,LOVELY ANAND,29143,Result Declared,S04,India
NAMAKKAL,16,NAMAKKAL(16),MATHESWARAN V S,MATHESWARAN V S,29112,Result Declared,S22,India
KURUKSHETRA,2,KURUKSHETRA(2),NAVEEN JINDAL,NAVEEN JINDAL,29021,Result Declared,S07,India
Ahmednagar,37,AHMEDNAGAR(37),NILESH DNYANDEV LANKE,NILESH DNYANDEV LANKE,28929,Result Declared,S13,India
Amroha,9,AMROHA(9),KANWAR SINGH TANWAR,KANWAR SINGH TANWAR,28670,Result Declared,S24,India
Etah,22,ETAH(22),DEVESH SHAKYA,DEVESH SHAKYA,28052,Result Declared,S24,India
Ladakh,1,LADAKH(1),MOHMAD HANEEFA,MOHMAD HANEEFA,27862,Result Declared,U09,India
Hardoi,31,HARDOI(31),JAI PRAKASH,JAI PRAKASH,27856,Result Declared,S24,India
Gulbarga,5,GULBARGA(5),RADHAKRISHNA,RADHAKRISHNA,27205,Result Declared,S10,India
Medinipur,34,MEDINIPUR(34),JUNE MALIAH,JUNE MALIAH,27191,Result Declared,S25,India
Davanagere,13,DAVANAGERE(13),DR. PRABHA MALLIKARJUN,DR. PRABHA MALLIKARJUN,26094,Result Declared,S10,India
Muzaffarnagar,3,MUZAFFARNAGAR(3),HARENDRA SINGH MALIK,HARENDRA SINGH MALIK,24672,Result Declared,S24,India
Andaman & Nicobar Islands,1,ANDAMAN&NICOBARISLANDS(1),BISHNU PADA RAY,BISHNU PADA RAY,24396,Result Declared,U01,India
Purnia,12,PURNIA(12),RAJESH RANJAN ALIAS PAPPU YADAV,RAJESH RANJAN ALIAS PAPPU YADAV,23847,Result Declared,S04,India
Dumka,2,DUMKA(2),NALIN SOREN,NALIN SOREN,22527,Result Declared,S27,India
SONIPAT,6,SONIPAT(6),SATPAL BRAHAMCHARI,SATPAL BRAHAMCHARI,21816,Result Declared,S07,India
Chandauli,76,CHANDAULI(76),BIRENDRA SINGH,BIRENDRA SINGH,21565,Result Declared,S24,India
Kandhamal,13,KANDHAMAL(13),SUKANTA KUMAR PANIGRAHI,SUKANTA KUMAR PANIGRAHI,21371,Result Declared,S18,India
DHARMAPURI,10,DHARMAPURI(10),MANI. A.,MANI. A.,21300,Result Declared,S22,India
Kanpur,43,KANPUR(43),RAMESH AWASTHI,RAMESH AWASTHI,20968,Result Declared,S24,India
Ludhiana,7,LUDHIANA(7),AMRINDER SINGH RAJA WARRING,AMRINDER SINGH RAJA WARRING,20942,Result Declared,S19,India
Alathur,9,ALATHUR(9),K.RADHAKRISHNAN,K.RADHAKRISHNAN,20111,Result Declared,S11,India
Araria,9,ARARIA(9),PRADEEP KUMAR SINGH,PRADEEP KUMAR SINGH,20094,Result Declared,S04,India
Amravati,7,AMRAVATI(7),BALWANT BASWANT WANKHADE,BALWANT BASWANT WANKHADE,19731,Result Declared,S13,India
Sasaram,34,SASARAM(34),MANOJ KUMAR,MANOJ KUMAR,19157,Result Declared,S04,India
Karimganj,7,KARIMGANJ(7),KRIPANATH MALLAH,KRIPANATH MALLAH,18360,Result Declared,S03,India
JHUNJHUNU,4,JHUNJHUNU(4),BRIJENDRA SINGH OLA,BRIJENDRA SINGH OLA,18235,Result Declared,S20,India
Purulia,35,PURULIA(35),JYOTIRMAY SINGH MAHATO,JYOTIRMAY SINGH MAHATO,17079,Result Declared,S25,India
Mumbai North Central,29,MUMBAINORTHCENTRAL(29),GAIKWAD VARSHA EKNATH,GAIKWAD VARSHA EKNATH,16514,Result Declared,S13,India
Thiruvananthapuram,20,THIRUVANANTHAPURAM(20),SHASHI THAROOR,SHASHI THAROOR,16077,Result Declared,S11,India
Aonla,24,AONLA(24),NEERAJ MAURYA,NEERAJ MAURYA,15969,Result Declared,S24,India
Aligarh,15,ALIGARH(15),SATISH KUMAR GAUTAM,SATISH KUMAR GAUTAM,15647,Result Declared,S24,India
Patiala,13,PATIALA(13),DR DHARAMVIRA GANDHI,DR DHARAMVIRA GANDHI,14831,Result Declared,S19,India
Thirupathi(SC),23,THIRUPATHI(SC)(23),GURUMOORTHY MADDILA,GURUMOORTHY MADDILA,14569,Result Declared,S01,India
Saran,20,SARAN(20),RAJIV PRATAP RUDY,RAJIV PRATAP RUDY,13661,Result Declared,S04,India
South Goa,2,SOUTHGOA(2),CAPTAIN  VIRIATO FERNANDES,CAPTAIN  VIRIATO FERNANDES,13535,Result Declared,S05,India
Hatkanangale,48,HATKANANGALE(48),DHAIRYASHEEL SAMBHAJIRAO MANE,DHAIRYASHEEL SAMBHAJIRAO MANE,13426,Result Declared,S13,India
Mavelikkara,16,MAVELIKKARA(16),KODIKUNNIL SURESH,KODIKUNNIL SURESH,10868,Result Declared,S11,India
Anandpur Sahib,6,ANANDPURSAHIB(6),MALVINDER SINGH KANG,MALVINDER SINGH KANG,10846,Result Declared,S19,India
Meerut,10,MEERUT(10),ARUN GOVIL,ARUN GOVIL,10585,Result Declared,S24,India
Balurghat,6,BALURGHAT(6),SUKANTA MAJUMDAR,SUKANTA MAJUMDAR,10386,Result Declared,S25,India
Beed,39,BEED(39),BAJRANG MANOHAR SONWANE,BAJRANG MANOHAR SONWANE,6553,Result Declared,S13,India
Arambagh,29,ARAMBAGH(29),BAG MITALI,BAG MITALI,6399,Result Declared,S25,India
Daman & Diu,1,DAMAN&DIU(1),PATEL UMESHBHAI BABUBHAI,PATEL UMESHBHAI BABUBHAI,6225,Result Declared,U03,India
Bishnupur,37,BISHNUPUR(37),KHAN SAUMITRA,KHAN SAUMITRA,5567,Result Declared,S25,India
Mahbubnagar,11,MAHBUBNAGAR(11),ARUNA. D. K,ARUNA. D. K,4500,Result Declared,S29,India
Dhaurahra,29,DHAURAHRA(29),ANAND BHADAURIYA,ANAND BHADAURIYA,4449,Result Declared,S24,India
VIRUDHUNAGAR,34,VIRUDHUNAGAR(34),MANICKAM TAGORE B,MANICKAM TAGORE B,4379,Result Declared,S22,India
Phulpur,51,PHULPUR(51),PRAVEEN PATEL,PRAVEEN PATEL,4332,Result Declared,S24,India
Dhule,2,DHULE(2),BACHHAV SHOBHA DINESH,BACHHAV SHOBHA DINESH,3831,Result Declared,S13,India
Salempur,71,SALEMPUR(71),RAMASHANKAR RAJBHAR,RAMASHANKAR RAJBHAR,3573,Result Declared,S24,India
Firozpur,10,FIROZPUR(10),SHER SINGH GHUBAYA,SHER SINGH GHUBAYA,3242,Result Declared,S19,India
Bansgaon,67,BANSGAON(67),KAMLESH PASWAN,KAMLESH PASWAN,3150,Result Declared,S24,India
Farrukhabad,40,FARRUKHABAD(40),MUKESH RAJPUT,MUKESH RAJPUT,2678,Result Declared,S24,India
Lakshadweep,1,LAKSHADWEEP(1),MUHAMMED HAMDULLAH SAYEED,MUHAMMED HAMDULLAH SAYEED,2647,Result Declared,U06,India
Hamirpur,47,HAMIRPUR(47),AJENDRA SINGH LODHI,AJENDRA SINGH LODHI,2629,Result Declared,S24,India
Chandigarh,1,CHANDIGARH(1),MANISH TEWARI,MANISH TEWARI,2504,Result Declared,U02,India
KANKER,11,KANKER(11),BHOJRAJ NAG,BHOJRAJ NAG,1884,Result Declared,S26,India
JAIPUR RURAL,6,JAIPURRURAL(6),RAO RAJENDRA SINGH,RAO RAJENDRA SINGH,1615,Result Declared,S20,India
Jajpur,8,JAJPUR(8),RABINDRA NARAYAN BEHERA,RABINDRA NARAYAN BEHERA,1587,Result Declared,S18,India
Attingal,19,ATTINGAL(19),ADV ADOOR PRAKASH,ADV ADOOR PRAKASH,684,Result Declared,S11,India
Mumbai North West,27,MUMBAINORTHWEST(27),RAVINDRA DATTARAM WAIKAR,RAVINDRA DATTARAM WAIKAR,48,Result Declared,S13,India
